{
    "no_aug": {
        "f1_rare": [
            0.6751816575735018,
            0.6810340795359511,
            0.6740133207990275,
            0.6900694235435494,
            0.6841070440113853
        ],
        "f1_macro": [
            0.7079153640247325,
            0.7046076559298313,
            0.7134355172891282,
            0.7089084276021199,
            0.7080642936732837
        ],
        "balanced_accuracy": [
            0.7128770183385968,
            0.7242579119866601,
            0.7188586934205935,
            0.7273930893931373,
            0.7207776307932215
        ],
        "auc_roc_rare": [
            0.7785289340042523,
            0.7720545361465846,
            0.7774942371479334,
            0.7810308378102191,
            0.7761279318439563
        ],
        "fid": [
            NaN,
            NaN,
            NaN,
            NaN,
            NaN
        ]
    },
    "rand_over": {
        "f1_rare": [
            0.7043593508160056,
            0.7082526563296435,
            0.7136466551192299,
            0.7192855766343745,
            0.7083269513173943
        ],
        "f1_macro": [
            0.7247566724617304,
            0.7361595873116993,
            0.7340097840877646,
            0.7289665817138176,
            0.728154933875551
        ],
        "balanced_accuracy": [
            0.7385799905365075,
            0.7463635809586188,
            0.7505609571214061,
            0.7396585190003079,
            0.7414116810403686
        ],
        "auc_roc_rare": [
            0.8241827370074856,
            0.8181248486885129,
            0.8173913761686356,
            0.8107926174531973,
            0.8262827818094369
        ],
        "fid": [
            NaN,
            NaN,
            NaN,
            NaN,
            NaN
        ]
    },
    "smote": {
        "f1_rare": [
            0.738255875550463,
            0.7420251944504681,
            0.7471826477686498,
            0.743266197945488,
            0.73508738098454
        ],
        "f1_macro": [
            0.7638609639293146,
            0.7627324148970018,
            0.7541482601100032,
            0.7553050849000494,
            0.7596336525374686
        ],
        "balanced_accuracy": [
            0.7633965008925118,
            0.7716857967796475,
            0.7669797326267968,
            0.7771947508416543,
            0.771317927800063
        ],
        "auc_roc_rare": [
            0.8482986610324187,
            0.8454944805349487,
            0.8462894204872966,
            0.8541521585350146,
            0.8539039308017184
        ],
        "fid": [
            NaN,
            NaN,
            NaN,
            NaN,
            NaN
        ]
    },
    "aug_mix": {
        "f1_rare": [
            0.7190179847010648,
            0.7237743700880266,
            0.7231347605809629,
            0.7233310922514291,
            0.7165111448400774
        ],
        "f1_macro": [
            0.7553442092253649,
            0.7478300288493952,
            0.7547048419747958,
            0.7522726211599342,
            0.747192869489197
        ],
        "balanced_accuracy": [
            0.7535770355150526,
            0.748648122525487,
            0.7437160767634748,
            0.7458532597801664,
            0.746349013690111
        ],
        "auc_roc_rare": [
            0.8392580567824823,
            0.8337583821341439,
            0.8399352790787393,
            0.8387226156873934,
            0.84327774233234
        ],
        "fid": [
            NaN,
            NaN,
            NaN,
            NaN,
            NaN
        ]
    },
    "stylegan2": {
        "f1_rare": [
            0.7848555275270572,
            0.7732446072338506,
            0.7875493430418649,
            0.7793922303861,
            0.7890653455807791
        ],
        "f1_macro": [
            0.8039244355203499,
            0.7907337248900025,
            0.8074598132182076,
            0.7996973225916439,
            0.80269394913987
        ],
        "balanced_accuracy": [
            0.8095845356851543,
            0.803062117986972,
            0.8032262565759594,
            0.8152224297948132,
            0.8064018995552672
        ],
        "auc_roc_rare": [
            0.8841728227604375,
            0.8818399704907148,
            0.8749885764571649,
            0.8755881843625664,
            0.8887380053296329
        ],
        "fid": [
            2.672121242340465,
            2.6701031120311307,
            2.6714046572731083,
            2.676333026034062,
            2.674328046341339
        ]
    },
    "progressive_gan": {
        "f1_rare": [
            0.7707538331302021,
            0.7710220743010643,
            0.7655295257659648,
            0.7709710484908178,
            0.7626885888508711
        ],
        "f1_macro": [
            0.7891209813238675,
            0.7922409389499918,
            0.7953971128241658,
            0.7964674675259557,
            0.7906479763006776
        ],
        "balanced_accuracy": [
            0.8023690338497316,
            0.8054965458690382,
            0.7997920651069933,
            0.8026188375034524,
            0.794611960988062
        ],
        "auc_roc_rare": [
            0.8736101594095674,
            0.8756690272908297,
            0.8730212254941063,
            0.8727846336840178,
            0.8689363710870757
        ],
        "fid": [
            2.8876182239194184,
            2.89435631644083,
            2.889230446291192,
            2.8909311914999165,
            2.8792288125093277
        ]
    },
    "cvae": {
        "f1_rare": [
            0.7511131192251815,
            0.7541340699618083,
            0.746075750371607,
            0.7441195538066654,
            0.7552258362433371
        ],
        "f1_macro": [
            0.7707848785393357,
            0.7634552114687212,
            0.7694865757930476,
            0.7785599645395853,
            0.7621192772598404
        ],
        "balanced_accuracy": [
            0.7841353212378368,
            0.7772600060933834,
            0.7847388082111791,
            0.7739354579331058,
            0.7828385066521512
        ],
        "auc_roc_rare": [
            0.865532295738431,
            0.8535413731963476,
            0.8684306702817359,
            0.8639737836341647,
            0.8572659034455582
        ],
        "fid": [
            3.1210931293817805,
            3.1274723819083183,
            3.119674401040015,
            3.119545923274815,
            3.11640380707834
        ]
    },
    "wcb_ot": {
        "f1_rare": [
            0.9379682130397335,
            0.9404385331621551,
            0.9361010819921805,
            0.9372300728975577,
            0.9422222956139271
        ],
        "f1_macro": [
            0.9638902273506207,
            0.9598780818631873,
            0.9554624389208629,
            0.9585884155083582,
            0.9575343640341684
        ],
        "balanced_accuracy": [
            0.951363220327411,
            0.9518140286065945,
            0.9395231049948959,
            0.9451447525844084,
            0.9528990185298793
        ],
        "auc_roc_rare": [
            0.9829136947175842,
            0.9908031719312443,
            0.989628336789797,
            0.9943117633088969,
            0.9851839198350334
        ],
        "fid": [
            1.0540871971090693,
            1.0381463507106883,
            1.0444603020054732,
            1.0558986124614653,
            1.0503995422744838
        ]
    }
}